imgLink,title,types,vistor,comment,likes
https://img.zcool.cn/community/activity_cover/b2aa6103f4a01101355dc2b6b106.jpg@260w_195h_1c_1e_1o_100sh.jpg,奥运图标搞一搞,活动-线上活动,共4364人气,共0参与作品,共519推荐
https://img.zcool.cn/community/0183cf610393f311013eaf7097706c.jpg@260w_195h_1c_1e_1o_100sh.jpg,设计师，你的目标是开公司吗？看看这篇文章吧。,文章-多领域,共9061人气,共83评论,共771推荐
https://img.zcool.cn/community/01b1896103b7e711013f47202ef1e3.jpg@260w_195h_1c_1e_1o_100sh.jpg,【POPIC】看唐三破茧成神，泪流满面,三维-动画/影视,共15165人气,共69评论,共445推荐
https://img.zcool.cn/community/01ad986103c47511013f47205dd830.jpg@260w_195h_1c_1e_1o_100sh.jpg,Petal Search 助力东京奥运,影视-宣传片,共8942人气,共19评论,共280推荐
https://img.zcool.cn/community/01271161036f3e11013f47201c5adf.jpg@260w_195h_1c_1e_1o_100sh.jpg,联合国报告设计/信息设计合集Vol. 3,平面-书籍/画册,共7058人气,共21评论,共70推荐
https://img.zcool.cn/community/0125a96102e50c11013f472018d926.jpg@260w_195h_1c_1e_1o_100sh.jpg,蒜泥喵SHINE MEOW ,平面-IP形象,共11411人气,共22评论,共358推荐
https://img.zcool.cn/community/01cc28610366dc11013f4720e58467.jpg@260w_195h_1c_1e_1o_100sh.jpg,中国汉字记 ▪ 依然浚,平面-字体/字形,共5622人气,共11评论,共111推荐
https://img.zcool.cn/community/01cc6b6100ce0411013eaf7098e746.jpg@260w_195h_1c_1e_1o_100sh.jpg,卡通IP形象设计 | 飞猫由力,平面-IP形象,共8892人气,共21评论,共132推荐
https://img.zcool.cn/community/01e09d61028f4111013eaf70718f22.jpg@260w_195h_1c_1e_1o_100sh.jpg,2021年上半年作品集,插画-商业插画,共21429人气,共27评论,共350推荐
https://img.zcool.cn/community/019fe061039a7e11013eaf70f7175a.jpg@260w_195h_1c_1e_1o_100sh.jpg,荔枝·LDL设计团队作品汇总,网页-运营设计,共11813人气,共21评论,共200推荐
https://img.zcool.cn/community/015e6160ffccff11013eaf705f6975.jpg@260w_195h_1c_1e_1o_100sh.jpg,小米降噪耳机Pro 视觉整案,网页-企业官网,共7934人气,共42评论,共384推荐
https://img.zcool.cn/community/01d5fa610363c611013eaf709e4666.jpg@260w_195h_1c_1e_1o_100sh.jpg,美的 ✖ Master Kitchen 详情页设计 ✖ 3,网页-电商,共10460人气,共40评论,共307推荐
https://img.zcool.cn/community/01762e610368ef11013eaf70bada89.jpg@260w_195h_1c_1e_1o_100sh.jpg,十三余插画合集,插画-商业插画,共14396人气,共60评论,共694推荐
https://img.zcool.cn/community/01ad49610298f311013eaf7044e126.jpg@260w_195h_1c_1e_1o_100sh.jpg,PDRUM 盲盒 屁屁鼓超级市场,工业/产品-玩具,共7855人气,共72评论,共340推荐
https://img.zcool.cn/community/0183616102de8411013eaf707ecdc0.jpg@260w_195h_1c_1e_1o_100sh.jpg,TAKT,网页-企业官网,共4835人气,共18评论,共122推荐
https://img.zcool.cn/community/01d22d6102e20c11013eaf7065d521.jpg@260w_195h_1c_1e_1o_100sh.jpg,夏日物语-猫爪电蚊拍 Cat claws ,工业/产品-生活用品,共11934人气,共74评论,共714推荐
https://img.zcool.cn/community/01060061028d1611013eaf70ec2213.jpg@260w_195h_1c_1e_1o_100sh.jpg,《每天和每天不一样》系列第17辑,插画-绘本,共9926人气,共24评论,共265推荐
https://img.zcool.cn/community/01341f610280ec11013f4720786875.jpg@260w_195h_1c_1e_1o_100sh.jpg,《遇见普洱》,平面-书籍/画册,共17407人气,共30评论,共382推荐
https://img.zcool.cn/community/01ae61610206f611013f4720526c3f.jpg@260w_195h_1c_1e_1o_100sh.jpg,《千里之外》概念图,插画-概念设定,共8692人气,共49评论,共542推荐
https://img.zcool.cn/community/01ca7c6102381811013eaf70b1e75e.jpg@260w_195h_1c_1e_1o_100sh.jpg,PARTY ANIMAL-派对动物系列-LOGO,平面-Logo,共14333人气,共126评论,共552推荐
https://img.zcool.cn/community/0111b96102469011013eaf70d87d7a.jpg@260w_195h_1c_1e_1o_100sh.jpg,Shanghai Tower,工业/产品-生活用品,共12543人气,共28评论,共241推荐
https://img.zcool.cn/community/0160206102458c11013f4720e42a43.jpg@260w_195h_1c_1e_1o_100sh.jpg,马克笔手绘《广州·珠江新城》,插画-艺术插画,共21245人气,共87评论,共1401推荐
https://img.zcool.cn/community/0131ba610018a811013f4720468956.jpg@260w_195h_1c_1e_1o_100sh.jpg, 《 第五人格 》 COA 2021项目总结,平面-品牌,共12834人气,共13评论,共154推荐
https://img.zcool.cn/community/01476b6102230811013f4720399e6b.jpg@260w_195h_1c_1e_1o_100sh.jpg,出去工作才是大人，我只想在家做个摇头晃脑的猪,动漫-中/长篇漫画,共27922人气,共273评论,共1005推荐
https://img.zcool.cn/community/01716f61011d3811013eaf70862ae6.jpg@260w_195h_1c_1e_1o_100sh.jpg,好的表格信息展示都有这三个特征,文章-多领域,共8444人气,共7评论,共164推荐
https://img.zcool.cn/community/01c65761013f9711013eaf704c42e5.jpg@260w_195h_1c_1e_1o_100sh.jpg,梵布xQQ飞车手游:看甜飒女神张含韵演绎零号机甲驾驶官,平面-其他平面,共4781人气,共9评论,共145推荐
https://img.zcool.cn/community/01d8ae610217e411013f47205cd4d7.jpg@260w_195h_1c_1e_1o_100sh.jpg,详情页合集*4,网页-电商,共21065人气,共86评论,共386推荐
https://img.zcool.cn/community/0174716101515111013f47204f9b06.jpg@260w_195h_1c_1e_1o_100sh.jpg,快手奥力星ORIEstar形象设计,平面-IP形象,共22665人气,共139评论,共1922推荐
https://img.zcool.cn/community/014a8b610168b411013f472042657d.jpg@260w_195h_1c_1e_1o_100sh.jpg,《其实，我是一只鸟》,摄影-人像摄影,共7716人气,共23评论,共169推荐
https://img.zcool.cn/community/01985d6102547611013eaf707048e6.jpg@260w_195h_1c_1e_1o_100sh.jpg,China Daily 中国日报最新一期头版插画,插画-商业插画,共10763人气,共44评论,共794推荐
https://img.zcool.cn/community/0151af60ffdad711013eaf70223b5d.jpg@260w_195h_1c_1e_1o_100sh.jpg,2021【花好月圆】女士中秋礼设计丨一礼一和x膳佳家居,工业/产品-生活用品,共19376人气,共27评论,共465推荐
https://img.zcool.cn/community/018b796101122311013f47206c59ee.jpg@260w_195h_1c_1e_1o_100sh.jpg,MODOLI X 三体,三维-产品,共7514人气,共25评论,共175推荐
https://img.zcool.cn/community/012f7f6101246a11013eaf7015b490.jpg@260w_195h_1c_1e_1o_100sh.jpg,《大话西游》-赛博朋克,插画-概念设定,共19464人气,共54评论,共1047推荐
https://img.zcool.cn/community/01b0496101167a11013eaf708bf81a.jpg@260w_195h_1c_1e_1o_100sh.jpg,[VRD 2021] 百朋便利店 品牌设计,平面-品牌,共29343人气,共41评论,共429推荐
https://img.zcool.cn/community/01ccb86100f9f411013eaf703612c0.jpg@260w_195h_1c_1e_1o_100sh.jpg,向日葵的夏天,摄影-人像摄影,共9566人气,共59评论,共425推荐
https://img.zcool.cn/community/013d2a6100fbcf11013f4720c62008.jpg@260w_195h_1c_1e_1o_100sh.jpg,迷你世界✖️迷萌勇者✖️森焱视觉,摄影-产品摄影,共20859人气,共20评论,共182推荐
https://img.zcool.cn/community/01c13a6100f57011013eaf7066d1d0.jpg@260w_195h_1c_1e_1o_100sh.jpg,十二生肖神獸 ▪ 壹,插画-创作习作,共17191人气,共98评论,共1002推荐
https://img.zcool.cn/community/01607f6100be9f11013f4720b5cadc.jpg@260w_195h_1c_1e_1o_100sh.jpg,Hope,插画-创作习作,共21141人气,共88评论,共1480推荐
